,#,Player,Pos,HT,WT,Age,Current Team,YOS,Pre-Draft Team,Draft Status,Nationality
0,5,Precious Achiuwa,SF,6-8,244,23,Toronto Raptors,2,Memphis,2020 Rnd 1 Pick 20,Nigeria
1,4,Steven Adams,C,6-11,265,29,Memphis Grizzlies,9,Pittsburgh,2013 Rnd 1 Pick 12,New Zealand
2,13,Bam Adebayo,C,6-10,255,25,Miami Heat,5,Kentucky,2017 Rnd 1 Pick 14,United States
3,30,Ochai Agbaji,SF,6-5,215,22,Utah Jazz,0,Kansas,2022 Rnd 1 Pick 14,United States
4,7,Santi Aldama,C,6-11,224,22,Memphis Grizzlies,1,Loyola (MD),2021 Rnd 1 Pick 30,Spain
5,6,Nickeil Alexander-Walker,SG,6-5,205,24,Utah Jazz,3,Virginia Tech,2019 Rnd 1 Pick 17,Canada
6,7,Grayson Allen,SG,6-4,198,27,Milwaukee Bucks,4,Duke,2018 Rnd 1 Pick 21,United States
7,31,Jarrett Allen,C,6-11,248,24,Cleveland Cavaliers,5,Texas,2017 Rnd 1 Pick 22,United States
8,15,Jose Alvarado,G,6-0,179,24,New Orleans Pelicans,1,Georgia Tech,"2021 NBA Draft, Undrafted",United StatesPuerto Rico
9,5,Kyle Anderson,PF,6-9,230,29,Minnesota Timberwolves,8,UCLA,2014 Rnd 1 Pick 30,United States
10,34,Giannis Antetokounmpo,F,6-11,242,28,Milwaukee Bucks,9,Filathlitikos Div II Greece (Greece),2013 Rnd 1 Pick 15,GreeceNigeria
11,43,Thanasis Antetokounmpo,SF,6-7,215,30,Milwaukee Bucks,4,Delaware 87ers,2014 Rnd 2 Pick 21,GreeceNigeria
12,50,Cole Anthony,PG,6-3,195,22,Orlando Magic,2,North Carolina,2020 Rnd 1 Pick 15,United States
13,3,OG Anunoby,SF,6-7,240,25,Toronto Raptors,5,Indiana,2017 Rnd 1 Pick 23,EnglandUnited States
14,51,Ryan Arcidiacono,G,6-3,195,28,New York Knicks,5,Villanova,"2016 NBA Draft, Undrafted",United States
15,9,Deni Avdija,SG,6-9,210,22,Washington Wizards,2,Maccabi Tel Aviv U18 (Israel),2020 Rnd 1 Pick 9,Israel
16,22,Deandre Ayton,C,7-1,250,24,Phoenix Suns,4,Arizona,2018 Rnd 1 Pick 1,Bahamas
17,20,Udoka Azubuike,C,7-0,270,23,Utah Jazz,2,Kansas,2020 Rnd 1 Pick 27,Nigeria
18,41,Ibou Badji,C,7-2,230,20,Portland Trail Blazers,0,Forca Lleida CE (Spain),"2022 NBA Draft, Undrafted",Senegal
19,35,Marvin Bagley III,PF,6-11,235,23,Detroit Pistons,4,Duke,2018 Rnd 1 Pick 2,United States
20,7,"Patrick Baldwin, Jr.",SG,6-9,220,20,Golden State Warriors,0,Milwaukee,2022 Rnd 1 Pick 28,United States
21,1,LaMelo Ball,G,6-7,180,21,Charlotte Hornets,2,Illawarra (Australia),2020 Rnd 1 Pick 3,United States
22,2,Lonzo Ball,PG,6-6,190,25,Chicago Bulls,5,UCLA,2017 Rnd 1 Pick 2,United States
23,11,Mohamed Bamba,C,7-0,230,24,Orlando Magic,4,Texas,2018 Rnd 1 Pick 6,United States
24,5,Paolo Banchero,C,6-10,255,20,Orlando Magic,0,Duke,2022 Rnd 1 Pick 1,United StatesItaly
25,22,Desmond Bane,SG,6-6,215,24,Memphis Grizzlies,2,Texas Christian,2020 Rnd 1 Pick 30,United States
26,45,Dalano Banton,PG,6-7,203,23,Toronto Raptors,1,Nebraska,2021 Rnd 2 Pick 16,Canada
27,26,Dominick Barlow,F,6-10,220,20,San Antonio Spurs,0,Overtime Elite (Georgia),"2022 NBA Draft, Undrafted",United States
28,40,Harrison Barnes,SF,6-8,225,30,Sacramento Kings,10,North Carolina,2012 Rnd 1 Pick 7,United States
29,4,Scottie Barnes,SF,6-8,225,21,Toronto Raptors,1,Florida State,2021 Rnd 1 Pick 4,United States
30,9,R.J. Barrett,SG,6-7,202,22,New York Knicks,3,Duke,2019 Rnd 1 Pick 3,Canada
31,5,Will Barton,GF,6-5,181,32,Washington Wizards,10,Memphis,2012 Rnd 2 Pick 10,United States
32,28,Charles Bassey,PF,6-11,230,22,San Antonio Spurs,1,Western Kentucky,2021 Rnd 2 Pick 23,NigeriaUnited States
33,31,Keita Bates-Diop,SF,6-8,230,27,San Antonio Spurs,4,Ohio State,2018 Rnd 2 Pick 18,United States
34,33,Nicolas Batum,F,6-8,230,34,Los Angeles Clippers,14,Le Mans Sarthe Basket (France),2008 Rnd 1 Pick 25,France
35,55,Darius Bazley,PF,6-9,216,22,Oklahoma City Thunder,3, ,2019 Rnd 1 Pick 23,United States
36,3,Bradley Beal,SG,6-3,207,29,Washington Wizards,10,Florida,2012 Rnd 1 Pick 3,United States
37,5,Malik Beasley,SG,6-4,187,26,Utah Jazz,6,Florida State,2016 Rnd 1 Pick 19,United States
38,0,MarJon Beauchamp,SG,6-7,197,22,Milwaukee Bucks,0,NBA G League Ignite,2022 Rnd 1 Pick 24,United States
39,44,Davis Bertans,SF,6-10,225,30,Dallas Mavericks,6,Union Olimpija (Slovenia),2011 Rnd 2 Pick 12,Latvia
40,21,Patrick Beverley,PG,6-1,180,34,Los Angeles Lakers,10,Dnipro Dnipropetrovsk (Ukraine),2009 Rnd 2 Pick 12,United States
41,41,Saddiq Bey,F,6-8,215,23,Detroit Pistons,2,Villanova,2020 Rnd 1 Pick 19,United States
42,24,Khem Birch,PF,6-8,226,30,Toronto Raptors,5,UNLV,"2014 NBA Draft, Undrafted",Canada
43,88,Goga Bitadze,C,6-11,245,23,Indiana Pacers,3,KK Mega Bemax (Serbia),2019 Rnd 1 Pick 18,Georgia
44,18,Bismack Biyombo,PF,6-9,255,30,Phoenix Suns,11,Urbas Fuenlabrada (Spain),2011 Rnd 1 Pick 7,Democratic Republic of the Congo
45,27,Buddy Boeheim,SG,6-6,195,23,Detroit Pistons,0,Syracuse,"2022 NBA Draft, Undrafted",United States
46,13,Bogdan Bogdanovic,SG,6-6,220,30,Atlanta Hawks,5,KK Partizan (Serbia),2014 Rnd 1 Pick 27,Serbia
47,44,Bojan Bogdanovic,F,6-8,216,33,Detroit Pistons,8,KK Cibona (Croatia),2011 Rnd 2 Pick 1,Bosnia and HerzegovinaCroatia
48,10,Bol Bol,C,7-2,220,23,Orlando Magic,3,Oregon,2019 Rnd 2 Pick 14,United States
49,10,Leandro Bolmaro,SG,6-6,200,22,Utah Jazz,1,FC Barcelona II (Spain),2020 Rnd 1 Pick 23,Argentina
50,1,Devin Booker,SG,6-6,206,26,Phoenix Suns,7,Kentucky,2015 Rnd 1 Pick 13,United States
51,4,"B.J. Boston, Jr.",SG,6-6,188,21,Los Angeles Clippers,1,Kentucky,2021 Rnd 2 Pick 21,United States
52,25,Chris Boucher,PF,6-9,198,30,Toronto Raptors,5,Oregon,"2017 NBA Draft, Undrafted",Saint LuciaCanada
53,2,James Bouknight,G,6-4,190,22,Charlotte Hornets,1,Connecticut,2021 Rnd 1 Pick 11,United States
54,13,Tony Bradley,C,6-10,248,25,Chicago Bulls,5,North Carolina,2017 Rnd 1 Pick 28,United States
55,22,Malaki Branham,GF,6-5,195,19,San Antonio Spurs,0,Ohio State,2022 Rnd 1 Pick 20,United States
56,0,Christian Braun,SF,6-6,210,21,Denver Nuggets,0,Kansas,2022 Rnd 1 Pick 21,United States
57,25,Mikal Bridges,SG,6-7,210,26,Phoenix Suns,4,Villanova,2018 Rnd 1 Pick 10,United States
58,12,Oshae Brissett,PF,6-7,210,24,Indiana Pacers,3,Syracuse,"2019 NBA Draft, Undrafted",Canada
59,13,Malcolm Brogdon,SG,6-5,229,30,Boston Celtics,6,Virginia,2016 Rnd 2 Pick 6,United States
60,24,Dillon Brooks,F,6-6,220,27,Memphis Grizzlies,5,Oregon,2017 Rnd 2 Pick 15,Canada
61,4,Greg Brown III,SF,6-8,200,21,Portland Trail Blazers,1,Texas,2021 Rnd 2 Pick 13,United States
62,7,Jaylen Brown,SF,6-6,220,26,Boston Celtics,6,California,2016 Rnd 1 Pick 3,United States
63,11,"Bruce Brown, Jr.",SG,6-4,202,26,Denver Nuggets,4,Miami (FL),2018 Rnd 2 Pick 12,United States
64,7,"Troy Brown, Jr.",SF,6-6,215,23,Los Angeles Lakers,4,Oregon,2018 Rnd 1 Pick 15,United States
65,10,Kendall Brown,G,6-8,205,20,Indiana Pacers,0,Baylor,2022 Rnd 2 Pick 18,United States
66,9,Moses Brown,C,7-2,245,23,Los Angeles Clippers,3,UCLA,"2019 NBA Draft, Undrafted",United States
67,11,Jalen Brunson,PG,6-1,190,26,New York Knicks,4,Villanova,2018 Rnd 2 Pick 3,United States
68,31,Thomas Bryant,C,6-10,248,25,Los Angeles Lakers,5,Indiana,2017 Rnd 2 Pick 12,United States
69,25,Reggie Bullock,SG,6-6,205,31,Dallas Mavericks,9,North Carolina,2013 Rnd 1 Pick 25,United States
70,5,Alec Burks,SG,6-6,214,31,Detroit Pistons,11,Colorado,2011 Rnd 1 Pick 12,United States
71,24,Deonte Burton,F,6-4,240,29,Sacramento Kings,2,Iowa State,"2017 NBA Draft, Undrafted",United States
72,22,Jimmy Butler,GF,6-8,232,33,Miami Heat,11,Marquette,2011 Rnd 1 Pick 30,United States
73,21,John Butler,C,7-1,190,20,Portland Trail Blazers,0,Florida State,"2022 NBA Draft, Undrafted",United States
74,54,Jamal Cain,F,6-7,191,23,Miami Heat,0,Oakland,"2022 NBA Draft, Undrafted",United States
75,5,Kentavious Caldwell-Pope,SG,6-5,204,29,Denver Nuggets,9,Georgia,2013 Rnd 1 Pick 8,United States
76,31,Vlatko Cancar,SF,6-8,236,25,Denver Nuggets,3,KK Mega Bemax (Serbia),2017 Rnd 2 Pick 19,Slovenia
77,15,Clint Capela,PF,6-10,240,28,Atlanta Hawks,8,Chalon-Sur-Saone (France),2014 Rnd 1 Pick 25,Switzerland
78,13,"Vernon Carey, Jr.",PF,6-9,270,21,Washington Wizards,2,Duke,2020 Rnd 2 Pick 2,United States
79,5,Jevon Carter,PG,6-1,195,27,Milwaukee Bucks,4,West Virginia,2018 Rnd 2 Pick 2,United States
80,34,"Wendell Carter, Jr.",PF,6-10,265,23,Orlando Magic,4,Duke,2018 Rnd 1 Pick 7,United States
81,6,Alex Caruso,G,6-5,186,28,Chicago Bulls,5,Texas A&M,"2016 NBA Draft, Undrafted",United States
82,5,Julian Champagnie,F,6-8,215,22,Philadelphia Sixers,0,St. John's,"2022 NBA Draft, Undrafted",United States
83,1,Kennedy Chandler,PG,6-0,171,20,Memphis Grizzlies,0,Tennessee,2022 Rnd 2 Pick 8,United States
84,10,Max Christie,F,6-6,190,19,Los Angeles Lakers,0,Michigan State,2022 Rnd 2 Pick 5,United States
85,9,Josh Christopher,G,6-5,215,21,Houston Rockets,1,Arizona State,2021 Rnd 1 Pick 24,United States
86,15,Brandon Clarke,PF,6-8,210,26,Memphis Grizzlies,3,Gonzaga,2019 Rnd 1 Pick 21,Canada
87,00,Jordan Clarkson,G,6-5,192,30,Utah Jazz,8,Missouri,2014 Rnd 2 Pick 16,United StatesPhilippines
88,33,Nicolas Claxton,C,6-11,226,23,Brooklyn Nets,3,Georgia,2019 Rnd 2 Pick 1,United StatesU.S. Virgin Islands
89,7,Amir Coffey,SF,6-7,210,25,Los Angeles Clippers,3,Minnesota,"2019 NBA Draft, Undrafted",United States
90,20,John Collins,PF,6-9,235,25,Atlanta Hawks,5,Wake Forest,2017 Rnd 1 Pick 19,United States
91,23,Zach Collins,C,6-11,250,25,San Antonio Spurs,5,Gonzaga,2017 Rnd 1 Pick 10,United States
92,11,Mike Conley,PG,6-1,175,35,Utah Jazz,15,Ohio State,2007 Rnd 1 Pick 4,United States
93,24,Pat Connaughton,SF,6-4,209,30,Milwaukee Bucks,7,Notre Dame,2015 Rnd 2 Pick 11,United States
94,23,Robert Covington,F,6-7,209,32,Los Angeles Clippers,9,Tennessee State,"2013 NBA Draft, Undrafted",United States
95,12,Torrey Craig,GF,6-7,221,32,Phoenix Suns,5,USC Upstate,"2014 NBA Draft, Undrafted",United States
96,99,Jae Crowder,SF,6-6,235,32,Phoenix Suns,10,Marquette,2012 Rnd 2 Pick 4,United States
97,2,Cade Cunningham,SF,6-6,220,21,Detroit Pistons,1,Oklahoma State,2021 Rnd 1 Pick 1,United States
98,30,Seth Curry,G,6-1,190,32,Brooklyn Nets,9,Duke,"2013 NBA Draft, Undrafted",United States
99,30,Stephen Curry,G,6-3,198,34,Golden State Warriors,13,Davidson,2009 Rnd 1 Pick 7,United States
100,11,Dyson Daniels,GF,6-8,199,19,New Orleans Pelicans,0,NBA G League Ignite,2022 Rnd 1 Pick 8,Australia
101,3,Anthony Davis,PF,6-10,253,29,Los Angeles Lakers,10,Kentucky,2012 Rnd 1 Pick 1,United States
102,1,Johnny Davis,F,6-5,195,20,Washington Wizards,0,Wisconsin,2022 Rnd 1 Pick 10,United States
103,3,Terence Davis,SF,6-4,201,25,Sacramento Kings,3,Ole Miss,"2019 NBA Draft, Undrafted",United States
104,20,J.D. Davison,F,6-1,195,20,Boston Celtics,0,Alabama,2022 Rnd 2 Pick 23,United States
105,5,Darius Days,PF,6-7,240,23,Houston Rockets,0,LSU,"2022 NBA Draft, Undrafted",United States
106,11,DeMar DeRozan,GF,6-6,220,33,Chicago Bulls,13,USC,2009 Rnd 1 Pick 9,United States
107,21,Dewayne Dedmon,PF,7-0,245,33,Miami Heat,9,USC,"2013 NBA Draft, Undrafted",United States
108,8,Matt Dellavedova,G,6-3,200,32,Sacramento Kings,8,Saint Mary's,"2013 NBA Draft, Undrafted",Australia
109,0,Donte DiVincenzo,SG,6-4,206,26,Golden State Warriors,4,Villanova,2018 Rnd 1 Pick 17,United States
110,25,Moussa Diabate,PF,6-11,210,21,Los Angeles Clippers,0,Michigan,2022 Rnd 2 Pick 13,France
111,21,Mamadi Diakite,PF,6-9,224,26,Cleveland Cavaliers,2,Virginia,"2020 NBA Draft, Undrafted",Guinea
112,6,Hamidou Diallo,SG,6-5,202,24,Detroit Pistons,4,Kentucky,2018 Rnd 2 Pick 15,United StatesGuinea
113,13,Ousmane Dieng,SG,6-10,216,19,Oklahoma City Thunder,0,New Zealand (New Zealand),2022 Rnd 1 Pick 11,France
114,26,Spencer Dinwiddie,PG,6-5,215,29,Dallas Mavericks,8,Colorado,2014 Rnd 2 Pick 8,United States
115,77,Luka Doncic,SF,6-7,230,23,Dallas Mavericks,4,Real Madrid (Spain),2018 Rnd 1 Pick 3,Slovenia
116,5,Luguentz Dort,PG,6-4,220,23,Oklahoma City Thunder,3,Arizona State,"2019 NBA Draft, Undrafted",Canada
117,12,Ayo Dosunmu,PG,6-4,200,23,Chicago Bulls,1,Illinois,2021 Rnd 2 Pick 8,United States
118,20,Jeff Dowtin,PG,6-3,185,26,Toronto Raptors,1,Rhode Island,"2020 NBA Draft, Undrafted",United States
119,7,Goran Dragic,G,6-3,190,36,Chicago Bulls,14,Union Olimpija (Slovenia),2008 Rnd 2 Pick 15,Slovenia
120,3,Andre Drummond,C,6-10,279,29,Chicago Bulls,10,Connecticut,2012 Rnd 1 Pick 9,United States
121,3,Chris Duarte,PG,6-6,190,25,Indiana Pacers,1,Oregon,2021 Rnd 1 Pick 13,CanadaDominican Republic
122,6,David Duke,SG,6-4,207,23,Brooklyn Nets,1,Providence,"2021 NBA Draft, Undrafted",United States
123,7,Kevin Durant,SF,6-10,225,34,Brooklyn Nets,15,Texas,2007 Rnd 1 Pick 2,United States
124,0,Jalen Duren,PF,6-10,250,19,Detroit Pistons,0,Memphis,2022 Rnd 1 Pick 13,United States
125,17,Tari Eason,F,6-8,216,21,Houston Rockets,0,LSU,2022 Rnd 1 Pick 17,United States
126,1,Anthony Edwards,SF,6-5,229,21,Minnesota Timberwolves,2,Georgia,2020 Rnd 1 Pick 1,United States
127,14,Kessler Edwards,SG,6-8,214,22,Brooklyn Nets,1,Pepperdine,2021 Rnd 2 Pick 14,United States
128,23,Keon Ellis,F,6-5,175,23,Sacramento Kings,0,Alabama,"2022 NBA Draft, Undrafted",United States
129,21,Joel Embiid,C,7-0,280,28,Philadelphia Sixers,8,Kansas,2014 Rnd 1 Pick 3,Cameroon
130,24,Drew Eubanks,C,6-9,245,26,Portland Trail Blazers,4,Oregon State,"2018 NBA Draft, Undrafted",United States
131,20,Bruno Fernando,C,6-9,240,24,Houston Rockets,3,Maryland,2019 Rnd 2 Pick 4,Angola
132,10,Dorian Finney-Smith,SF,6-7,220,29,Dallas Mavericks,6,Florida,"2016 NBA Draft, Undrafted",United States
133,22,Malachi Flynn,PG,6-1,176,24,Toronto Raptors,2,San Diego State,2020 Rnd 1 Pick 29,United States
134,16,Simone Fontecchio,SF,6-7,200,27,Utah Jazz,0,AX Armani Exchange Milan (Italy),"2017 NBA Draft, Undrafted",Italy
135,10,Bryn Forbes,G,6-2,205,29,Minnesota Timberwolves,6,Michigan State,"2016 NBA Draft, Undrafted",United States
136,2,Trent Forrest,SG,6-4,210,24,Atlanta Hawks,2,Florida State,"2020 NBA Draft, Undrafted",United States
137,13,Evan Fournier,SG,6-7,205,30,New York Knicks,10,Poitiers Basket 86 (France),2012 Rnd 1 Pick 20,France
138,5,De'Aaron Fox,PG,6-3,185,25,Sacramento Kings,5,Kentucky,2017 Rnd 1 Pick 5,United States
139,20,Markelle Fultz,PG,6-4,210,24,Orlando Magic,5,Washington,2017 Rnd 1 Pick 1,United States
140,35,Wenyen Gabriel,PF,6-9,205,25,Los Angeles Lakers,4,Kentucky,"2018 NBA Draft, Undrafted",South Sudan
141,21,Daniel Gafford,C,6-10,234,24,Washington Wizards,3,Arkansas,2019 Rnd 2 Pick 8,United States
142,8,Danilo Gallinari,SF,6-10,233,34,Boston Celtics,14,AX Armani Exchange Milan (Italy),2008 Rnd 1 Pick 6,Italy
143,10,Darius Garland,G,6-1,186,23,Cleveland Cavaliers,3,Vanderbilt,2019 Rnd 1 Pick 5,United States
144,16,Usman Garuba,C,6-8,220,20,Houston Rockets,1,Real Madrid (Spain),2021 Rnd 1 Pick 23,Spain
145,55,Luka Garza,C,6-10,243,24,Minnesota Timberwolves,1,Iowa,2021 Rnd 2 Pick 22,United States
146,22,Rudy Gay,SF,6-8,240,36,Utah Jazz,16,Connecticut,2006 Rnd 1 Pick 8,United States
147,13,Paul George,GF,6-8,220,32,Los Angeles Clippers,12,Fresno State,2010 Rnd 1 Pick 10,United States
148,67,Taj Gibson,F,6-9,232,37,Washington Wizards,13,USC,2009 Rnd 1 Pick 26,United States
149,3,Josh Giddey,G,6-8,216,20,Oklahoma City Thunder,1,Adelaide (Australia),2021 Rnd 1 Pick 6,Australia
150,2,Shai Gilgeous-Alexander,PG,6-6,195,24,Oklahoma City Thunder,4,Kentucky,2018 Rnd 1 Pick 11,Canada
151,16,Anthony Gill,PF,6-8,230,30,Washington Wizards,2,Virginia,"2016 NBA Draft, Undrafted",United States
152,21,Collin Gillespie,PG,6-3,190,24,Denver Nuggets,0,Villanova,"2022 NBA Draft, Undrafted",United States
153,27,Rudy Gobert,C,7-1,256,30,Minnesota Timberwolves,9,Cholet Basket (France),2013 Rnd 1 Pick 27,France
154,7,Jordan Goodwin,SG,6-3,200,24,Washington Wizards,1,Saint Louis,"2021 NBA Draft, Undrafted",United States
155,50,Aaron Gordon,F,6-8,235,27,Denver Nuggets,8,Arizona,2014 Rnd 1 Pick 4,United States
156,10,Eric Gordon,G,6-3,215,34,Houston Rockets,14,Indiana,2008 Rnd 1 Pick 7,United States
157,4,Devonte' Graham,PG,6-1,195,27,New Orleans Pelicans,4,Kansas,2018 Rnd 2 Pick 4,United States
158,9,Jerami Grant,F,6-8,210,28,Portland Trail Blazers,8,Syracuse,2014 Rnd 2 Pick 9,United States
159,20,A.J. Green,PG,6-4,190,23,Milwaukee Bucks,0,Northern Iowa,"2022 NBA Draft, Undrafted",United States
160,14,Danny Green,SF,6-6,220,35,Memphis Grizzlies,13,North Carolina,2009 Rnd 2 Pick 16,United States
161,23,Draymond Green,F,6-6,234,32,Golden State Warriors,10,Michigan State,2012 Rnd 2 Pick 5,United States
162,1,JaMychal Green,PF,6-8,227,32,Golden State Warriors,8,Alabama,"2012 NBA Draft, Undrafted",United States
163,4,Jalen Green,SG,6-6,178,20,Houston Rockets,1,NBA G League Ignite,2021 Rnd 1 Pick 2,United States
164,24,Javonte Green,G,6-5,205,29,Chicago Bulls,3,Radford,"2015 NBA Draft, Undrafted",United StatesMontenegro
165,32,Jeff Green,F,6-8,235,36,Denver Nuggets,14,Georgetown,2007 Rnd 1 Pick 5,United States
166,8,Josh Green,SG,6-6,210,22,Dallas Mavericks,2,Arizona,2020 Rnd 1 Pick 18,United StatesAustralia
167,91,Blake Griffin,PF,6-9,246,33,Boston Celtics,13,Oklahoma,2009 Rnd 1 Pick 1,United States
168,14,"A.J. Griffin, Jr.",SG,6-6,222,19,Atlanta Hawks,0,Duke,2022 Rnd 1 Pick 16,United States
169,6,Quentin Grimes,SG,6-5,205,22,New York Knicks,1,Houston,2021 Rnd 1 Pick 25,United States
170,28,Rui Hachimura,F,6-8,230,24,Los Angeles Lakers,3,Gonzaga,2019 Rnd 1 Pick 9,Japan
171,0,Tyrese Haliburton,PG,6-5,185,22,Indiana Pacers,2,Iowa State,2020 Rnd 1 Pick 12,United States
172,13,R.J. Hampton,G,6-6,190,21,Orlando Magic,2,New Zealand (New Zealand),2020 Rnd 1 Pick 24,United States
173,11,Tim Hardaway Jr.,SG,6-5,205,30,Dallas Mavericks,9,Michigan,2013 Rnd 1 Pick 24,United States
174,1,James Harden,SG,6-5,220,33,Philadelphia Sixers,13,Arizona State,2009 Rnd 1 Pick 3,United States
175,3,Jaden Hardy,SG,6-4,198,20,Dallas Mavericks,0,NBA G League Ignite,2022 Rnd 2 Pick 7,United States
176,8,Ron Harper,G,6-6,245,23,Toronto Raptors,0,Rutgers,"2022 NBA Draft, Undrafted",United States
177,5,Montrezl Harrell,F,6-7,240,29,Philadelphia Sixers,7,Louisville,2015 Rnd 2 Pick 2,United States
178,14,Gary Harris,SG,6-4,210,28,Orlando Magic,8,Michigan State,2014 Rnd 1 Pick 19,United States
179,12,Joe Harris,SG,6-6,215,31,Brooklyn Nets,8,Virginia,2014 Rnd 2 Pick 3,United States
180,7,Kevon Harris,SF,6-6,220,25,Orlando Magic,0,Stephen F. Austin,"2020 NBA Draft, Undrafted",United States
181,33,Tobias Harris,F,6-7,230,30,Philadelphia Sixers,11,Tennessee,2011 Rnd 1 Pick 19,United States
182,11,Josh Hart,SG,6-5,215,27,Portland Trail Blazers,5,Villanova,2017 Rnd 1 Pick 30,United States
183,55,Isaiah Hartenstein,PF,7-0,250,24,New York Knicks,4,Zalgiris (Lithuania),2017 Rnd 2 Pick 13,United StatesGermany
184,40,Udonis Haslem,FC,6-8,235,42,Miami Heat,19,Florida,"2002 NBA Draft, Undrafted",United States
185,30,Sam Hauser,SF,6-8,215,25,Boston Celtics,1,Virginia,"2021 NBA Draft, Undrafted",United States
186,10,Jaxson Hayes,PF,6-11,220,22,New Orleans Pelicans,3,Texas,2019 Rnd 1 Pick 8,United States
187,7,Killian Hayes,G,6-5,216,21,Detroit Pistons,2,Ratiopharm Ulm (Germany),2020 Rnd 1 Pick 7,FranceUnited States
188,20,Gordon Hayward,GF,6-7,225,32,Charlotte Hornets,12,Butler,2010 Rnd 1 Pick 9,United States
189,41,Juancho Hernangomez,F,6-9,215,27,Toronto Raptors,6,Movistar Estudiantes (Spain),2016 Rnd 1 Pick 15,Spain
190,9,Willy Hernangomez,C,6-11,250,28,New Orleans Pelicans,6,Cajasol Seville U18 (Spain),2015 Rnd 2 Pick 5,Spain
191,14,Tyler Herro,SG,6-6,195,23,Miami Heat,3,Kentucky,2019 Rnd 1 Pick 13,United States
192,24,Buddy Hield,G,6-4,220,30,Indiana Pacers,6,Oklahoma,2016 Rnd 1 Pick 6,Bahamas
193,24,Haywood Highsmith,F,6-7,220,26,Miami Heat,2,Wheeling Jesuit,"2018 NBA Draft, Undrafted",United States
194,3,George Hill,G,6-3,188,36,Milwaukee Bucks,14,IUPUI,2008 Rnd 1 Pick 26,United States
195,21,Malcolm Hill,G,6-6,220,27,Chicago Bulls,1,Illinois,"2017 NBA Draft, Undrafted",United States
196,3,Aaron Holiday,PG,6-0,185,26,Atlanta Hawks,4,UCLA,2018 Rnd 1 Pick 23,United States
197,21,Jrue Holiday,G,6-4,205,32,Milwaukee Bucks,13,UCLA,2009 Rnd 1 Pick 17,United States
198,8,Justin Holiday,SF,6-6,181,33,Atlanta Hawks,9,Washington,"2011 NBA Draft, Undrafted",United States
199,22,Richaun Holmes,F,6-10,240,29,Sacramento Kings,7,Bowling Green,2015 Rnd 2 Pick 7,United States
200,7,Chet Holmgren,C,7-1,195,20,Oklahoma City Thunder,0,Gonzaga,2022 Rnd 1 Pick 2,United States
201,42,Al Horford,FC,6-9,240,36,Boston Celtics,15,Florida,2007 Rnd 1 Pick 3,Dominican RepublicUnited States
202,0,Talen Horton-Tucker,SF,6-4,233,22,Utah Jazz,3,Iowa State,2019 Rnd 2 Pick 16,United States
203,25,Danuel House,F,6-6,215,29,Philadelphia Sixers,6,Texas A&M,"2016 NBA Draft, Undrafted",United States
204,2,Caleb Houstan,SF,6-8,210,20,Orlando Magic,0,Michigan,2022 Rnd 2 Pick 2,Canada
205,12,Trevor Hudgins,G,6-0,180,24,Houston Rockets,0,Northwest Missouri State,"2022 NBA Draft, Undrafted",United States
206,9,Kevin Huerter,SF,6-7,190,24,Sacramento Kings,4,Maryland,2018 Rnd 1 Pick 19,United States
207,12,De'Andre Hunter,PF,6-7,225,25,Atlanta Hawks,3,Virginia,2019 Rnd 1 Pick 4,United States
208,3,Bones Hyland,G,6-3,173,22,Denver Nuggets,1,VCU,2021 Rnd 1 Pick 26,United States
209,25,Serge Ibaka,C,6-10,235,33,Milwaukee Bucks,13,CB L'Hospitalet (Spain),2008 Rnd 1 Pick 24,Republic of the CongoSpain
210,9,Andre Iguodala,SF,6-6,215,39,Golden State Warriors,18,Arizona,2004 Rnd 1 Pick 9,United States
211,7,Joe Ingles,F,6-8,226,35,Milwaukee Bucks,8,Melbourne South (Australia),"2009 NBA Draft, Undrafted",Australia
212,14,Brandon Ingram,SF,6-7,190,25,New Orleans Pelicans,6,Duke,2016 Rnd 1 Pick 2,United States
213,11,Kyrie Irving,G,6-2,191,30,Brooklyn Nets,11,Duke,2011 Rnd 1 Pick 1,United StatesAustralia
214,1,Jonathan Isaac,SF,6-10,230,25,Orlando Magic,5,Florida State,2017 Rnd 1 Pick 6,United States
215,23,Jaden Ivey,G,6-4,200,20,Detroit Pistons,0,Purdue,2022 Rnd 1 Pick 5,United States
216,22,Isaiah Jackson,PF,6-10,206,21,Indiana Pacers,1,Kentucky,2021 Rnd 1 Pick 22,United States
217,13,"Jaren Jackson, Jr.",PF,6-11,242,23,Memphis Grizzlies,4,Michigan State,2018 Rnd 1 Pick 4,United States
218,43,Justin Jackson,F,6-8,220,27,Boston Celtics,5,North Carolina,2017 Rnd 1 Pick 15,United States
219,1,Reggie Jackson,G,6-2,208,32,Los Angeles Clippers,11,Boston College,2011 Rnd 1 Pick 24,ItalyUnited States
220,6,LeBron James,F,6-8,250,38,Los Angeles Lakers,19,St. Vincent St. Mary High School (Ohio),2003 Rnd 1 Pick 1,United States
221,8,DaQuan Jeffries,SF,6-5,225,25,New York Knicks,3,Tulsa,"2019 NBA Draft, Undrafted",United States
222,10,Ty Jerome,PG,6-5,195,25,Golden State Warriors,3,Virginia,2019 Rnd 1 Pick 24,United States
223,11,Isaiah Joe,SG,6-3,174,23,Oklahoma City Thunder,2,Arkansas,2020 Rnd 2 Pick 19,United States
224,23,Cameron Johnson,G,6-9,210,26,Phoenix Suns,3,North Carolina,2019 Rnd 1 Pick 11,United States
225,1,Jalen Johnson,PF,6-9,220,21,Atlanta Hawks,1,Duke,2021 Rnd 1 Pick 20,United States
226,16,James Johnson,F,6-7,240,35,Indiana Pacers,13,Wake Forest,2009 Rnd 1 Pick 16,United States
227,3,Keldon Johnson,SF,6-6,210,23,San Antonio Spurs,3,Kentucky,2019 Rnd 1 Pick 29,United States
228,6,Keon Johnson,PG,6-4,185,20,Portland Trail Blazers,1,Tennessee,2021 Rnd 1 Pick 21,United States
229,34,Stanley Johnson,G,6-6,242,26,San Antonio Spurs,7,Arizona,2015 Rnd 1 Pick 8,United States
230,15,Nikola Jokic,C,7-0,284,27,Denver Nuggets,7,KK Mega Bemax (Serbia),2014 Rnd 2 Pick 11,Serbia
231,22,Carlik Jones,PG,6-1,185,25,Chicago Bulls,1,Louisville,"2021 NBA Draft, Undrafted",United States
232,30,Damian Jones,PF,7-0,245,27,Los Angeles Lakers,6,Vanderbilt,2016 Rnd 1 Pick 30,United States
233,5,Derrick Jones,SF,6-6,210,25,Chicago Bulls,6,UNLV,"2016 NBA Draft, Undrafted",United States
234,5,Herb Jones,SF,6-6,206,24,New Orleans Pelicans,1,Alabama,2021 Rnd 2 Pick 5,United States
235,23,Kai Jones,PF,6-10,221,22,Charlotte Hornets,1,Texas,2021 Rnd 1 Pick 19,Bahamas
236,33,Tre Jones,PG,6-2,185,23,San Antonio Spurs,2,Duke,2020 Rnd 2 Pick 11,United States
237,21,Tyus Jones,PG,6-1,196,26,Memphis Grizzlies,7,Duke,2015 Rnd 1 Pick 24,United States
238,6,DeAndre Jordan,C,6-11,265,34,Denver Nuggets,14,Texas A&M,2008 Rnd 2 Pick 5,United States
239,18,Cory Joseph,PG,6-3,200,31,Detroit Pistons,11,Texas,2011 Rnd 1 Pick 29,Canada
240,5,Nikola Jovic,F,6-11,223,19,Miami Heat,0,KK Mega Bemax (Serbia),2022 Rnd 1 Pick 27,Serbia
241,33,Johnny Juzang,SG,6-7,215,22,Utah Jazz,0,UCLA,"2022 NBA Draft, Undrafted",United States
242,28,Mfiondu Kabengele,SF,6-10,250,25,Boston Celtics,2,Florida State,2019 Rnd 1 Pick 27,Canada
243,0,Frank Kaminsky,F,7-0,242,29,Atlanta Hawks,7,Wisconsin,2015 Rnd 1 Pick 9,United States
244,3,Trevor Keels,PG,6-4,221,19,New York Knicks,0,Duke,2022 Rnd 2 Pick 12,United States
245,5,Luke Kennard,SG,6-5,206,26,Los Angeles Clippers,5,Duke,2017 Rnd 1 Pick 12,United States
246,24,Walker Kessler,C,7-1,245,21,Utah Jazz,0,Auburn,2022 Rnd 1 Pick 22,United States
247,7,Louis King,SF,6-7,205,23,Philadelphia Sixers,3,Oregon,"2019 NBA Draft, Undrafted",United States
248,24,Corey Kispert,SF,6-7,220,23,Washington Wizards,1,Gonzaga,2021 Rnd 1 Pick 15,United States
249,42,Maxi Kleber,PF,6-10,240,31,Dallas Mavericks,5,s.Oliver Baskets (Germany),"2014 NBA Draft, Undrafted",Germany
250,13,Nathan Knight,PF,6-8,244,25,Minnesota Timberwolves,2,William & Mary,"2020 NBA Draft, Undrafted",United States
251,20,Kevin Knox,SF,6-7,215,23,Detroit Pistons,4,Kentucky,2018 Rnd 1 Pick 9,United States
252,35,Christian Koloko,C,7-1,230,22,Toronto Raptors,0,Arizona,2022 Rnd 2 Pick 3,Cameroon
253,46,John Konchar,G,6-5,210,26,Memphis Grizzlies,3,Fort Wayne,"2019 NBA Draft, Undrafted",United States
254,30,Furkan Korkmaz,SG,6-7,210,25,Philadelphia Sixers,5,Anadolu Efes (Turkey),2016 Rnd 1 Pick 26,Turkey
255,40,Luke Kornet,F,7-2,252,27,Boston Celtics,5,Vanderbilt,"2017 NBA Draft, Undrafted",United States
256,27,Vit Krejci,PG,6-8,195,22,Atlanta Hawks,1,Zaragoza U18 (Spain),2020 Rnd 2 Pick 7,Czech Republic
257,00,Jonathan Kuminga,F,6-7,227,20,Golden State Warriors,1,NBA G League Ignite,2021 Rnd 1 Pick 7,Democratic Republic of the Congo
258,33,Kyle Kuzma,F,6-10,221,27,Washington Wizards,5,Utah,2017 Rnd 1 Pick 27,United States
259,3,Jake LaRavia,F,6-7,235,21,Memphis Grizzlies,0,Wake Forest,2022 Rnd 1 Pick 19,United States
260,8,Zach LaVine,SG,6-5,200,27,Chicago Bulls,8,UCLA,2014 Rnd 1 Pick 13,United States
261,40,Anthony Lamb,PF,6-6,225,25,Golden State Warriors,2,Vermont,"2020 NBA Draft, Undrafted",United States
262,11,Jock Landale,C,6-11,255,27,Phoenix Suns,1,Saint Mary's,"2018 NBA Draft, Undrafted",Australia
263,35,Romeo Langford,SG,6-5,215,23,San Antonio Spurs,3,Indiana,2019 Rnd 1 Pick 14,United States
264,9,A.J. Lawson,F,6-6,179,22,Dallas Mavericks,0,South Carolina,"2021 NBA Draft, Undrafted",Canada
265,3,Caris LeVert,G,6-6,205,28,Cleveland Cavaliers,6,Michigan,2016 Rnd 1 Pick 20,United States
266,10,Damion Lee,G,6-5,203,30,Phoenix Suns,5,Louisville,"2016 NBA Draft, Undrafted",United States
267,9,Saben Lee,PG,6-2,183,23,Phoenix Suns,2,Vanderbilt,2020 Rnd 2 Pick 8,United States
268,25,Alex Len,C,7-0,250,29,Sacramento Kings,9,Maryland,2013 Rnd 1 Pick 5,Ukraine
269,2,Kawhi Leonard,F,6-7,225,31,Los Angeles Clippers,11,San Diego State,2011 Rnd 1 Pick 15,United States
270,13,"Kira Lewis, Jr.",PG,6-1,170,21,New Orleans Pelicans,2,Alabama,2020 Rnd 1 Pick 13,United States
271,32,E.J. Liddell,PF,6-7,240,23,New Orleans Pelicans,0,Ohio State,2022 Rnd 2 Pick 11,United States
272,0,Damian Lillard,G,6-2,200,32,Portland Trail Blazers,10,Weber State,2012 Rnd 1 Pick 6,United States
273,10,Nassir Little,SF,6-5,220,22,Portland Trail Blazers,3,North Carolina,2019 Rnd 1 Pick 25,United States
274,12,Isaiah Livers,PF,6-7,230,24,Detroit Pistons,1,Michigan,2021 Rnd 2 Pick 12,United States
275,6,"Kenny Lofton, Jr.",F,6-8,275,20,Memphis Grizzlies,0,Louisiana Tech,"2022 NBA Draft, Undrafted",United States
276,5,Kevon Looney,PF,6-9,249,27,Golden State Warriors,7,UCLA,2015 Rnd 1 Pick 30,United States
277,11,Brook Lopez,C,7-0,270,34,Milwaukee Bucks,14,Stanford,2008 Rnd 1 Pick 10,United States
278,33,Robin Lopez,FC,7-0,275,34,Cleveland Cavaliers,14,Stanford,2008 Rnd 1 Pick 15,United States
279,0,Kevin Love,FC,6-8,247,34,Cleveland Cavaliers,14,UCLA,2008 Rnd 1 Pick 5,United States
280,7,Kyle Lowry,PG,6-1,196,36,Miami Heat,16,Villanova,2006 Rnd 1 Pick 24,United States
281,41,Trey Lyles,SF,6-9,234,27,Sacramento Kings,7,Kentucky,2015 Rnd 1 Pick 12,CanadaUnited States
282,9,Theo Maledon,PG,6-5,190,21,Charlotte Hornets,2,ASVEL Basket (France),2020 Rnd 2 Pick 4,France
283,54,Sandro Mamukelashvili,F,6-11,245,24,Milwaukee Bucks,1,Seton Hall,2021 Rnd 2 Pick 24,Georgia
284,14,Terance Mann,SG,6-5,215,26,Los Angeles Clippers,3,Florida State,2019 Rnd 2 Pick 18,United States
285,23,Tre Mann,PG,6-5,190,22,Oklahoma City Thunder,1,Florida,2021 Rnd 1 Pick 18,United States
286,51,Boban Marjanovic,C,7-4,290,34,Houston Rockets,7,KK Vrsac Swisslion (Serbia),"2010 NBA Draft, Undrafted",Serbia
287,23,Lauri Markkanen,SF,7-0,238,25,Utah Jazz,5,Arizona,2017 Rnd 1 Pick 7,Finland
288,8,Naji Marshall,SF,6-7,220,25,New Orleans Pelicans,2,Xavier,"2020 NBA Draft, Undrafted",United States
289,16,Caleb Martin,F,6-7,205,27,Miami Heat,3,Nevada,"2019 NBA Draft, Undrafted",United States
290,11,Cody Martin,F,6-6,205,27,Charlotte Hornets,3,Nevada,2019 Rnd 2 Pick 6,United States
291,6,K.J. Martin,F,6-7,215,22,Houston Rockets,2,IMG Academy (Florida),2020 Rnd 2 Pick 22,United States
292,22,Tyrese Martin,GF,6-6,215,23,Atlanta Hawks,0,Connecticut,2022 Rnd 2 Pick 21,United States
293,24,Garrison Mathews,SG,6-5,215,26,Houston Rockets,3,Lipscomb,"2019 NBA Draft, Undrafted",United States
294,00,Bennedict Mathurin,GF,6-6,195,20,Indiana Pacers,0,Arizona,2022 Rnd 1 Pick 6,CanadaHaiti
295,23,Wesley Matthews,G,6-5,220,36,Milwaukee Bucks,13,Marquette,"2009 NBA Draft, Undrafted",United States
296,0,Tyrese Maxey,PG,6-2,195,22,Philadelphia Sixers,2,Kentucky,2020 Rnd 1 Pick 21,United States
297,2,Miles McBride,G,6-2,196,22,New York Knicks,1,West Virginia,2021 Rnd 2 Pick 6,United States
298,3,C.J. McCollum,G,6-3,200,31,New Orleans Pelicans,9,Lehigh,2013 Rnd 1 Pick 10,United States
299,9,T.J. McConnell,G,6-2,190,30,Indiana Pacers,7,Arizona,"2015 NBA Draft, Undrafted",United States
300,3,Jaden McDaniels,F,6-10,185,22,Minnesota Timberwolves,2,Washington,2020 Rnd 1 Pick 28,United States
301,6,Jalen McDaniels,PF,6-9,205,25,Charlotte Hornets,3,San Diego State,2019 Rnd 2 Pick 22,United States
302,17,Doug McDermott,F,6-8,225,31,San Antonio Spurs,8,Creighton,2014 Rnd 1 Pick 11,United States
303,00,JaVale McGee,C,7-0,270,35,Dallas Mavericks,14,Nevada,2008 Rnd 1 Pick 18,United States
304,7,Bryce McGowens,GF,6-6,175,20,Charlotte Hornets,0,Nebraska,2022 Rnd 2 Pick 10,United States
305,17,Rodney McGruder,SG,6-4,205,31,Detroit Pistons,6,Kansas State,"2013 NBA Draft, Undrafted",United States
306,6,Jordan McLaughlin,G,5-11,185,26,Minnesota Timberwolves,3,USC,"2018 NBA Draft, Undrafted",United States
307,8,De'Anthony Melton,SG,6-2,200,24,Philadelphia Sixers,4,USC,2018 Rnd 2 Pick 16,United States
308,19,Chimezie Metu,PF,6-9,225,25,Sacramento Kings,4,USC,2018 Rnd 2 Pick 19,United StatesNigeria
309,22,Khris Middleton,SF,6-8,222,31,Milwaukee Bucks,10,Texas A&M,2012 Rnd 2 Pick 9,United States
310,8,Patty Mills,G,6-0,180,34,Brooklyn Nets,13,Saint Mary's,2009 Rnd 2 Pick 25,Australia
311,18,Shake Milton,SG,6-5,215,26,Philadelphia Sixers,4,Southern Methodist,2018 Rnd 2 Pick 24,United States
312,8,Josh Minott,F,6-8,197,20,Minnesota Timberwolves,0,Memphis,2022 Rnd 2 Pick 15,United States
313,15,Davion Mitchell,PG,6-2,205,24,Sacramento Kings,1,Baylor,2021 Rnd 1 Pick 9,United States
314,45,Donovan Mitchell,SG,6-3,215,26,Cleveland Cavaliers,5,Louisville,2017 Rnd 1 Pick 13,United States
315,4,Evan Mobley,PF,7-0,215,21,Cleveland Cavaliers,1,USC,2021 Rnd 1 Pick 3,United States
316,15,Isaiah Mobley,SF,6-10,240,23,Cleveland Cavaliers,0,USC,2022 Rnd 2 Pick 19,United States
317,0,Malik Monk,SG,6-3,200,25,Sacramento Kings,5,Kentucky,2017 Rnd 1 Pick 11,United States
318,4,Moses Moody,SG,6-5,210,20,Golden State Warriors,1,Arkansas,2021 Rnd 1 Pick 14,United States
319,7,"Wendell Moore, Jr.",SF,6-5,213,21,Minnesota Timberwolves,0,Duke,2022 Rnd 1 Pick 26,United States
320,12,Ja Morant,G,6-3,175,23,Memphis Grizzlies,3,Murray State,2019 Rnd 1 Pick 2,United States
321,8,Marcus Morris,F,6-8,218,33,Los Angeles Clippers,11,Kansas,2011 Rnd 1 Pick 14,United States
322,13,Markieff Morris,PF,6-9,250,33,Brooklyn Nets,11,Kansas,2011 Rnd 1 Pick 13,United States
323,22,Monte Morris,G,6-2,183,27,Washington Wizards,5,Iowa State,2017 Rnd 2 Pick 21,United StatesNigeria
324,25,Trey Murphy III,G,6-8,208,22,New Orleans Pelicans,1,Virginia,2021 Rnd 1 Pick 17,United States
325,5,Dejounte Murray,SG,6-5,180,26,Atlanta Hawks,6,Washington,2016 Rnd 1 Pick 29,United States
326,27,Jamal Murray,SG,6-4,215,25,Denver Nuggets,6,Kentucky,2016 Rnd 1 Pick 7,Canada
327,13,Keegan Murray,F,6-8,215,22,Sacramento Kings,0,Iowa,2022 Rnd 1 Pick 4,United States
328,33,Mike Muscala,FC,6-11,240,31,Oklahoma City Thunder,9,Bucknell,2013 Rnd 2 Pick 14,United States
329,17,Svi Mykhailiuk,SF,6-8,205,25,New York Knicks,4,Kansas,2018 Rnd 2 Pick 17,Ukraine
330,22,"Larry Nance, Jr.",SF,6-7,245,30,New Orleans Pelicans,7,Wyoming,2015 Rnd 1 Pick 27,United States
331,2,Andrew Nembhard,PG,6-5,193,23,Indiana Pacers,0,Gonzaga,2022 Rnd 2 Pick 1,Canada
332,23,Aaron Nesmith,F,6-6,213,23,Indiana Pacers,2,Vanderbilt,2020 Rnd 1 Pick 14,United States
333,19,Raulzinho Neto,PG,6-1,179,30,Cleveland Cavaliers,7,Acunsa GBC (Spain),2013 Rnd 2 Pick 17,Brazil
334,20,Georges Niang,F,6-7,235,29,Philadelphia Sixers,6,Iowa State,2016 Rnd 2 Pick 20,United States
335,15,Daishen Nix,GF,6-5,224,20,Houston Rockets,1,NBA G League Ignite,"2021 NBA Draft, Undrafted",United States
336,22,Zeke Nnaji,PF,6-11,240,22,Denver Nuggets,2,Arizona,2020 Rnd 1 Pick 22,United States
337,9,Nerlens Noel,FC,6-11,220,28,Detroit Pistons,9,Kentucky,2013 Rnd 1 Pick 6,United States
338,4,Jaylen Nowell,SG,6-4,197,23,Minnesota Timberwolves,3,Washington,2019 Rnd 2 Pick 13,United States
339,21,Frank Ntilikina,PG,6-5,200,24,Dallas Mavericks,5,Strasbourg IG (France),2017 Rnd 1 Pick 8,BelgiumFrance
340,20,Kendrick Nunn,SG,6-3,195,27,Washington Wizards,4,Oakland,"2018 NBA Draft, Undrafted",United States
341,27,Jusuf Nurkic,FC,7-0,290,28,Portland Trail Blazers,8,Cedevita (Croatia),2014 Rnd 1 Pick 16,Bosnia and Herzegovina
342,13,Jordan Nwora,F,6-8,226,24,Milwaukee Bucks,2,Louisville,2020 Rnd 2 Pick 15,United StatesNigeria
343,00,Royce O'Neale,SF,6-6,220,29,Brooklyn Nets,5,Baylor,"2015 NBA Draft, Undrafted",United States
344,3,Chuma Okeke,PF,6-8,230,24,Orlando Magic,2,Auburn,2019 Rnd 1 Pick 16,United States
345,2,Josh Okogie,SG,6-4,220,24,Phoenix Suns,4,Georgia Tech,2018 Rnd 1 Pick 20,NigeriaUnited States
346,17,Onyeka Okongwu,PF,6-9,245,22,Atlanta Hawks,2,USC,2020 Rnd 1 Pick 6,United States
347,35,Isaac Okoro,SG,6-5,225,22,Cleveland Cavaliers,2,Auburn,2020 Rnd 1 Pick 5,United States
348,30,KZ Okpala,SG,6-8,215,23,Sacramento Kings,3,Stanford,2019 Rnd 2 Pick 2,United StatesNigeria
349,4,Victor Oladipo,G,6-4,210,30,Miami Heat,9,Indiana,2013 Rnd 1 Pick 2,United States
350,41,Kelly Olynyk,C,6-11,240,31,Utah Jazz,9,Gonzaga,2013 Rnd 1 Pick 13,Canada
351,25,Eugene Omoruyi,F,6-6,235,26,Oklahoma City Thunder,1,Oregon,"2021 NBA Draft, Undrafted",Canada
352,16,Cedi Osman,GF,6-7,230,27,Cleveland Cavaliers,5,Anadolu Efes (Turkey),2015 Rnd 2 Pick 1,North MacedoniaTurkey
353,12,"Kelly Oubre, Jr.",SF,6-6,203,27,Charlotte Hornets,7,Kansas,2015 Rnd 1 Pick 15,United States
354,3,Chris Paul,PG,6-0,175,37,Phoenix Suns,17,Wake Forest,2005 Rnd 1 Pick 4,United States
355,15,Cameron Payne,G,6-3,190,28,Phoenix Suns,7,Murray State,2015 Rnd 1 Pick 14,United States
356,00,Gary Payton II,G,6-3,195,30,Portland Trail Blazers,6,Oregon State,"2016 NBA Draft, Undrafted",United States
357,1,Theo Pinson,SG,6-5,212,27,Dallas Mavericks,4,North Carolina,"2018 NBA Draft, Undrafted",United States
358,1,"Scotty Pippen, Jr.",G,6-3,185,22,Los Angeles Lakers,0,Vanderbilt,"2022 NBA Draft, Undrafted",United States
359,24,Mason Plumlee,PF,6-11,254,32,Charlotte Hornets,9,Duke,2013 Rnd 1 Pick 22,United States
360,25,Jakob Poeltl,C,7-0,240,27,San Antonio Spurs,6,Utah,2016 Rnd 1 Pick 9,Austria
361,17,Aleksej Pokusevski,C,7-0,210,21,Oklahoma City Thunder,2,Olympiacos U18 (Greece),2020 Rnd 1 Pick 17,Serbia
362,3,Jordan Poole,SG,6-4,192,23,Golden State Warriors,3,Michigan,2019 Rnd 1 Pick 28,United States
363,3,"Kevin Porter, Jr.",SF,6-4,203,22,Houston Rockets,3,USC,2019 Rnd 1 Pick 30,United States
364,1,"Michael Porter, Jr.",PF,6-10,218,24,Denver Nuggets,4,Missouri,2018 Rnd 1 Pick 14,United States
365,32,Otto Porter,SF,6-8,228,29,Toronto Raptors,9,Georgetown,2013 Rnd 1 Pick 3,United States
366,1,Bobby Portis,PF,6-11,250,27,Milwaukee Bucks,7,Arkansas,2015 Rnd 1 Pick 22,United States
367,6,Kristaps Porzingis,FC,7-3,240,27,Washington Wizards,7,Coosur Real Betis (Spain),2015 Rnd 1 Pick 4,Latvia
368,25,Micah Potter,C,6-10,250,24,Utah Jazz,1,Wisconsin,"2021 NBA Draft, Undrafted",United States
369,7,Dwight Powell,PF,6-10,240,31,Dallas Mavericks,8,Stanford,2014 Rnd 2 Pick 15,Canada
370,24,Norman Powell,SG,6-3,215,29,Los Angeles Clippers,7,UCLA,2015 Rnd 2 Pick 16,United States
371,0,Jason Preston,G,6-3,181,23,Los Angeles Clippers,1,Ohio,2021 Rnd 2 Pick 3,United States
372,12,Taurean Prince,F,6-7,218,28,Minnesota Timberwolves,6,Baylor,2016 Rnd 1 Pick 12,United States
373,11,Payton Pritchard,PG,6-2,190,25,Boston Celtics,2,Oregon,2020 Rnd 1 Pick 26,United States
374,8,Trevelin Queen,G,6-6,190,25,Indiana Pacers,1,New Mexico State,"2020 NBA Draft, Undrafted",United States
375,88,Neemias Queta,C,7-0,245,23,Sacramento Kings,1,Utah State,2021 Rnd 2 Pick 9,Portugal
376,5,Immanuel Quickley,PG,6-3,188,23,New York Knicks,2,Kentucky,2020 Rnd 1 Pick 25,United States
377,30,Julius Randle,PF,6-9,250,28,New York Knicks,8,Kentucky,2014 Rnd 1 Pick 7,United States
378,15,Austin Reaves,PG,6-5,206,24,Los Angeles Lakers,1,Oklahoma,"2021 NBA Draft, Undrafted",United States
379,21,Cam Reddish,G,6-8,218,23,New York Knicks,3,Duke,2019 Rnd 1 Pick 10,United States
380,9,Davon Reed,SF,6-5,208,27,Denver Nuggets,3,Miami (FL),2017 Rnd 2 Pick 2,United States
381,44,"Paul Reed, Jr.",F,6-8,218,23,Philadelphia Sixers,2,DePaul,2020 Rnd 2 Pick 28,United States
382,11,Naz Reid,C,6-9,250,23,Minnesota Timberwolves,3,LSU,"2019 NBA Draft, Undrafted",United States
383,42,Jared Rhoden,SG,6-6,210,23,Detroit Pistons,0,Seton Hall,"2022 NBA Draft, Undrafted",United States
384,14,Nick Richards,C,7-0,245,25,Charlotte Hornets,2,Kentucky,2020 Rnd 2 Pick 12,Jamaica
385,7,Josh Richardson,G,6-5,200,29,San Antonio Spurs,7,Tennessee,2015 Rnd 2 Pick 10,United States
386,25,Austin Rivers,SG,6-4,200,30,Minnesota Timberwolves,10,Duke,2012 Rnd 1 Pick 10,United States
387,55,Duncan Robinson,F,6-8,210,28,Miami Heat,4,Michigan,"2018 NBA Draft, Undrafted",United States
388,23,Mitchell Robinson,C,7-1,240,24,New York Knicks,4, ,2018 Rnd 2 Pick 6,United States
389,25,Orlando Robinson,PF,7-0,244,22,Miami Heat,0,Fresno State,"2022 NBA Draft, Undrafted",United States
390,50,Jeremiah Robinson-Earl,PF,6-9,240,22,Oklahoma City Thunder,1,Villanova,2021 Rnd 2 Pick 2,United States
391,18,Isaiah Roby,SF,6-8,230,25,San Antonio Spurs,3,Nebraska,2019 Rnd 2 Pick 15,United States
392,27,David Roddy,F,6-5,255,21,Memphis Grizzlies,0,Colorado State,2022 Rnd 1 Pick 23,United States
393,2,Ryan Rollins,G,6-4,180,20,Golden State Warriors,0,Toledo,2022 Rnd 2 Pick 14,United States
394,4,Derrick Rose,PG,6-3,200,34,New York Knicks,14,Memphis,2008 Rnd 1 Pick 1,United States
395,31,Terrence Ross,SF,6-7,205,32,Orlando Magic,10,Washington,2012 Rnd 1 Pick 8,United States
396,3,Terry Rozier,G,6-1,190,28,Charlotte Hornets,7,Louisville,2015 Rnd 1 Pick 16,United States
397,13,Ricky Rubio,G,6-3,190,32,Cleveland Cavaliers,11,Joventut Badalona (Spain),2009 Rnd 1 Pick 5,Spain
398,0,D'Angelo Russell,SG,6-4,193,26,Minnesota Timberwolves,7,Ohio State,2015 Rnd 1 Pick 2,United States
399,37,Matt Ryan,SF,6-7,215,25,Minnesota Timberwolves,1,Chattanooga,"2020 NBA Draft, Undrafted",United States
400,10,Domantas Sabonis,PF,6-11,240,26,Sacramento Kings,6,Gonzaga,2016 Rnd 1 Pick 11,United StatesLithuania
401,20,Dario Saric,SF,6-10,250,28,Phoenix Suns,6,KK Cibona (Croatia),2014 Rnd 1 Pick 12,Croatia
402,25,Admiral Schofield,SF,6-5,240,25,Orlando Magic,2,Tennessee,2019 Rnd 2 Pick 12,United States
403,17,Dennis Schroder,PG,6-3,172,29,Los Angeles Lakers,9,Basketball Lowen Braunschweig (Germany),2013 Rnd 1 Pick 17,Germany
404,0,Dereon Seabron,SG,6-7,180,23,New Orleans Pelicans,0,NC State,"2022 NBA Draft, Undrafted",United States
405,28,Alperen Sengun,C,6-9,235,20,Houston Rockets,1,Besiktas Icrypex (Turkey),2021 Rnd 1 Pick 16,Turkey
406,2,Collin Sexton,PG,6-1,192,24,Utah Jazz,4,Alabama,2018 Rnd 1 Pick 8,United States
407,14,Landry Shamet,PG,6-4,190,25,Phoenix Suns,4,Wichita State,2018 Rnd 1 Pick 26,United States
408,20,Day'Ron Sharpe,PF,6-9,255,21,Brooklyn Nets,1,North Carolina,2021 Rnd 1 Pick 29,United States
409,17,Shaedon Sharpe,F,6-6,200,19,Portland Trail Blazers,0,Kentucky,2022 Rnd 1 Pick 7,Canada
410,43,Pascal Siakam,F,6-8,240,28,Toronto Raptors,6,New Mexico State,2016 Rnd 1 Pick 27,Cameroon
411,30,Chris Silva,PF,6-8,234,26,Dallas Mavericks,3,South Carolina,"2019 NBA Draft, Undrafted",Gabon
412,10,Ben Simmons,PF,6-10,240,26,Brooklyn Nets,6,LSU,2016 Rnd 1 Pick 1,Australia
413,19,Marko Simonovic,C,7-0,220,23,Chicago Bulls,1,KK Mega Bemax (Serbia),2020 Rnd 2 Pick 14,Montenegro
414,1,Anfernee Simons,SG,6-3,195,23,Portland Trail Blazers,4,IMG Academy (Florida),2018 Rnd 1 Pick 24,United States
415,45,Jericho Sims,C,6-10,240,24,New York Knicks,1,Texas,2021 Rnd 2 Pick 28,United States
416,36,Marcus Smart,PG,6-3,220,28,Boston Celtics,8,Oklahoma State,2014 Rnd 1 Pick 6,United States
417,8,Dennis Smith,PG,6-2,205,25,Charlotte Hornets,5,NC State,2017 Rnd 1 Pick 9,United States
418,9,Dru Smith,SG,6-3,200,25,Brooklyn Nets,0,Missouri,"2021 NBA Draft, Undrafted",United States
419,14,Ish Smith,PG,6-0,175,34,Denver Nuggets,12,Wake Forest,"2010 NBA Draft, Undrafted",United States
420,25,Jalen Smith,C,6-10,215,22,Indiana Pacers,2,Maryland,2020 Rnd 1 Pick 10,United States
421,1,"Jabari Smith, Jr.",F,6-10,220,19,Houston Rockets,0,Auburn,2022 Rnd 1 Pick 3,United States
422,10,Jeremy Sochan,SG,6-8,225,19,San Antonio Spurs,0,Baylor,2022 Rnd 1 Pick 9,United StatesPoland
423,11,Jaden Springer,SG,6-3,205,20,Philadelphia Sixers,1,Tennessee,2021 Rnd 1 Pick 28,United States
424,8,Lamar Stevens,SF,6-8,225,25,Cleveland Cavaliers,2,Penn State,"2020 NBA Draft, Undrafted",United States
425,28,Isaiah Stewart II,C,6-9,250,21,Detroit Pistons,2,Washington,2020 Rnd 1 Pick 16,United States
426,31,Max Strus,G,6-5,220,26,Miami Heat,3,DePaul,"2019 NBA Draft, Undrafted",United States
427,4,Jalen Suggs,SG,6-5,210,21,Orlando Magic,1,Gonzaga,2021 Rnd 1 Pick 5,United States
428,4,Edmond Sumner,G,6-4,185,27,Brooklyn Nets,4,Xavier,2017 Rnd 2 Pick 22,United States
429,20,Cole Swider,F,6-9,220,25,Los Angeles Lakers,0,Syracuse,"2022 NBA Draft, Undrafted",United States
430,8,Jae'sean Tate,F,6-4,230,27,Houston Rockets,2,Ohio State,"2018 NBA Draft, Undrafted",United States
431,0,Jayson Tatum,SF,6-8,210,24,Boston Celtics,5,Duke,2017 Rnd 1 Pick 3,United States
432,32,Terry Taylor,GF,6-5,230,23,Indiana Pacers,1,Austin Peay,"2021 NBA Draft, Undrafted",United States
433,41,Garrett Temple,G,6-5,195,36,New Orleans Pelicans,12,LSU,"2009 NBA Draft, Undrafted",United States
434,25,Dalen Terry,PG,6-7,195,20,Chicago Bulls,0,Arizona,2022 Rnd 1 Pick 18,United States
435,27,Daniel Theis,C,6-8,245,30,Indiana Pacers,5,Ratiopharm Ulm (Germany),"2013 NBA Draft, Undrafted",Germany
436,24,Cam Thomas,PG,6-3,208,21,Brooklyn Nets,1,LSU,2021 Rnd 1 Pick 27,United States
437,11,Klay Thompson,G,6-6,210,32,Golden State Warriors,11,Washington State,2011 Rnd 1 Pick 11,United States
438,21,J.T. Thor,PF,6-9,205,20,Charlotte Hornets,1,Auburn,2021 Rnd 2 Pick 7,United States
439,22,Matisse Thybulle,SF,6-5,205,25,Philadelphia Sixers,3,Washington,2019 Rnd 1 Pick 20,United StatesAustralia
440,2,"Xavier Tillman, Sr.",PF,6-8,245,24,Memphis Grizzlies,2,Michigan State,2020 Rnd 2 Pick 5,United States
441,14,Isaiah Todd,PF,6-10,210,21,Washington Wizards,1,NBA G League Ignite,2021 Rnd 2 Pick 1,United States
442,1,Obi Toppin,F,6-9,193,24,New York Knicks,2,Dayton,2020 Rnd 1 Pick 8,United States
443,95,Juan Toscano-Anderson,F,6-6,213,29,Los Angeles Lakers,3,Marquette,"2015 NBA Draft, Undrafted",United StatesMexico
444,32,Karl-Anthony Towns,C,7-0,250,27,Minnesota Timberwolves,7,Kentucky,2015 Rnd 1 Pick 1,United StatesDominican Republic
445,33,"Gary Trent, Jr.",SG,6-5,205,24,Toronto Raptors,4,Duke,2018 Rnd 2 Pick 7,United States
446,17,P.J. Tucker,SF,6-6,245,37,Philadelphia Sixers,11,Texas,2006 Rnd 2 Pick 5,United States
447,33,Myles Turner,FC,6-11,250,26,Indiana Pacers,7,Texas,2015 Rnd 1 Pick 11,United States
448,17,Jonas Valanciunas,C,7-0,265,30,New Orleans Pelicans,10,Lietuvos Rytas (Lithuania),2011 Rnd 1 Pick 5,Lithuania
449,23,Fred VanVleet,G,6-0,200,28,Toronto Raptors,6,Wichita State,"2016 NBA Draft, Undrafted",United States
450,8,Jarred Vanderbilt,PF,6-8,214,23,Utah Jazz,4,Kentucky,2018 Rnd 2 Pick 11,United States
451,24,Devin Vassell,SG,6-6,195,22,San Antonio Spurs,2,Florida State,2020 Rnd 1 Pick 11,United States
452,2,Gabe Vincent,G,6-3,195,26,Miami Heat,3,UC Santa Barbara,"2018 NBA Draft, Undrafted",United StatesNigeria
453,9,Nikola Vucevic,PF,6-11,260,32,Chicago Bulls,11,USC,2011 Rnd 1 Pick 16,SwitzerlandMontenegro
454,32,Dean Wade,PF,6-9,219,26,Cleveland Cavaliers,3,Kansas State,"2019 NBA Draft, Undrafted",United States
455,22,Franz Wagner,SF,6-10,225,21,Orlando Magic,1,Michigan,2021 Rnd 1 Pick 8,Germany
456,21,Moe Wagner,PF,6-11,240,25,Orlando Magic,4,Michigan,2018 Rnd 1 Pick 25,Germany
457,12,Ish Wainright,GF,6-5,235,28,Phoenix Suns,1,Baylor,"2017 NBA Draft, Undrafted",United StatesUganda
458,34,Jabari Walker,F,6-8,200,20,Portland Trail Blazers,0,Colorado,2022 Rnd 2 Pick 27,United States
459,4,Lonnie Walker,SG,6-5,205,24,Los Angeles Lakers,4,Miami (FL),2018 Rnd 1 Pick 18,United States
460,11,John Wall,PG,6-3,210,32,Los Angeles Clippers,12,Kentucky,2010 Rnd 1 Pick 1,United States
461,1,T.J. Warren,F,6-8,222,29,Brooklyn Nets,8,NC State,2014 Rnd 1 Pick 14,United States
462,0,"TyTy Washington, Jr.",PG,6-3,197,21,Houston Rockets,0,Kentucky,2022 Rnd 1 Pick 29,United States
463,25,P.J. Washington,PF,6-7,230,24,Charlotte Hornets,3,Kentucky,2019 Rnd 1 Pick 12,United States
464,18,Yuta Watanabe,F,6-8,214,28,Brooklyn Nets,4,George Washington,"2018 NBA Draft, Undrafted",Japan
465,12,Lindy Waters III,SG,6-6,210,25,Oklahoma City Thunder,1,Oklahoma State,"2020 NBA Draft, Undrafted",United States
466,2,Trendon Watford,SF,6-8,237,22,Portland Trail Blazers,1,LSU,"2021 NBA Draft, Undrafted",United States
467,8,Peyton Watson,GF,6-8,200,20,Denver Nuggets,0,UCLA,2022 Rnd 1 Pick 30,United States
468,14,Blake Wesley,SG,6-5,185,19,San Antonio Spurs,0,Notre Dame,2022 Rnd 1 Pick 25,United States
469,0,Russell Westbrook,G,6-3,200,34,Los Angeles Lakers,14,UCLA,2008 Rnd 1 Pick 4,United States
470,0,Coby White,PG,6-4,195,22,Chicago Bulls,3,North Carolina,2019 Rnd 1 Pick 7,United States
471,9,Derrick White,G,6-4,195,28,Boston Celtics,5,Colorado,2017 Rnd 1 Pick 29,United States
472,10,Jack White,SF,6-7,222,25,Denver Nuggets,0,Duke,"2020 NBA Draft, Undrafted",Australia
473,21,Aaron Wiggins,F,6-6,200,24,Oklahoma City Thunder,1,Maryland,2021 Rnd 2 Pick 25,United States
474,22,Andrew Wiggins,F,6-7,203,27,Golden State Warriors,8,Kansas,2014 Rnd 1 Pick 1,Canada
475,4,Donovan Williams,F,6-6,190,21,Atlanta Hawks,0,UNLV,"2022 NBA Draft, Undrafted",United States
476,12,Grant Williams,SF,6-6,236,24,Boston Celtics,3,Tennessee,2019 Rnd 1 Pick 22,United States
477,8,Jalen Williams,G,6-6,211,21,Oklahoma City Thunder,0,Santa Clara,2022 Rnd 1 Pick 12,United States
478,6,Jaylin Williams,C,6-10,240,20,Oklahoma City Thunder,0,Arkansas,2022 Rnd 2 Pick 4,United States
479,5,"Vincent Williams, Jr.",SF,6-6,205,23,Memphis Grizzlies,0,VCU,2022 Rnd 2 Pick 17,United States
480,34,Kenrich Williams,SF,6-7,210,28,Oklahoma City Thunder,4,Texas Christian,"2018 NBA Draft, Undrafted",United States
481,5,Mark Williams,C,7-1,242,21,Charlotte Hornets,0,Duke,2022 Rnd 1 Pick 15,United States
482,44,Patrick Williams,G,6-7,215,21,Chicago Bulls,2,Florida State,2020 Rnd 1 Pick 4,United States
483,44,Robert Williams,PF,6-8,240,25,Boston Celtics,4,Texas A&M,2018 Rnd 1 Pick 27,United States
484,8,Ziaire Williams,F,6-9,185,21,Memphis Grizzlies,1,Stanford,2021 Rnd 1 Pick 10,United States
485,1,Zion Williamson,PF,6-6,284,22,New Orleans Pelicans,3,Duke,2019 Rnd 1 Pick 1,United States
486,9,Dylan Windler,SF,6-6,199,26,Cleveland Cavaliers,3,Belmont,2019 Rnd 1 Pick 26,United States
487,26,Justise Winslow,SF,6-6,222,26,Portland Trail Blazers,7,Duke,2015 Rnd 1 Pick 10,United States
488,33,James Wiseman,C,7-0,258,21,Golden State Warriors,2,Memphis,2020 Rnd 1 Pick 2,United States
489,35,Christian Wood,PF,6-10,223,27,Dallas Mavericks,6,UNLV,"2015 NBA Draft, Undrafted",United States
490,23,McKinley Wright IV,PG,5-11,192,24,Dallas Mavericks,1,Colorado,"2021 NBA Draft, Undrafted",United States
491,55,Delon Wright,G,6-5,185,30,Washington Wizards,7,Utah,2015 Rnd 1 Pick 20,United States
492,21,Thaddeus Young,F,6-8,235,34,Toronto Raptors,15,Georgia Tech,2007 Rnd 1 Pick 12,United States
493,11,Trae Young,PG,6-1,180,24,Atlanta Hawks,4,Oklahoma,2018 Rnd 1 Pick 5,United States
494,77,Omer Yurtseven,C,6-11,255,24,Miami Heat,2,Georgetown,"2020 NBA Draft, Undrafted",UzbekistanTurkey
495,40,Ivica Zubac,C,7-0,240,25,Los Angeles Clippers,6,KK Mega Bemax (Serbia),2016 Rnd 2 Pick 2,Bosnia and HerzegovinaCroatia
